County,State,cases,deaths
Unknown,OH,1,0
Unknown,MS,4,0
Unknown,IN,2,0
Unknown,PA,0,1
Unknown,SD,0,4
Unknown,HI,5,0
Unknown,KS,0,1
Unknown,WA,1,0
Unknown,MO,3,0
Unknown,NY,0,236
Unknown,CA,2,0
Unknown,IL,84,0
Unknown,KY,66,0
Unknown,OR,121,0
Unknown,AL,126,0
Unknown,NV,0,2
Unknown,ID,31,0
Unknown,CO,91,0
Unknown,NM,1,0
Harlan,NE,1,0
Modoc,CA,1,0
Garfield,NE,1,0
Unknown,AZ,0,1
Morrow,OH,107,1
Morgan,OH,5,0
Montgomery,OH,663,16
Meigs,OH,6,0
Miami,OH,357,30
Mercer,OH,211,7
Greene,OH,101,5
Monroe,OH,78,12
Muskingum,OH,52,0
Pickaway,OH,2074,37
Ottawa,OH,99,16
Paulding,OH,14,0
Perry,OH,18,1
Pike,OH,6,0
Portage,OH,325,57
Preble,OH,37,1
Putnam,OH,92,14
Richland,OH,200,3
Medina,OH,337,22
Noble,OH,6,0
Marion,OH,2666,28
Jefferson,OH,67,2
Madison,OH,156,7
Ross,OH,71,2
Guernsey,OH,35,1
Hamilton,OH,2672,150
Hancock,OH,50,1
Hardin,OH,61,0
Harrison,OH,10,0
Henry,OH,15,0
Highland,OH,25,1
Hocking,OH,69,4
Holmes,OH,39,1
Huron,OH,58,1
Jackson,OH,14,0
Knox,OH,25,1
Lake,OH,308,12
Lawrence,OH,30,0
Licking,OH,248,10
Logan,OH,39,0
Lorain,OH,687,59
Lucas,OH,2267,242
Mahoning,OH,1431,174
Sandusky,OH,79,11
Harper,OK,1,0
Seneca,OH,20,2
Cherokee,OK,29,1
Choctaw,OK,48,1
Cimarron,OK,1,0
Cleveland,OK,501,37
Coal,OK,1,0
Comanche,OK,281,3
Cotton,OK,5,2
Craig,OK,15,0
Creek,OK,94,7
Custer,OK,20,0
Delaware,OK,100,16
Dewey,OK,2,0
Garfield,OK,28,1
Garvin,OK,18,1
Grady,OK,97,3
Grant,OK,2,0
Greer,OK,66,7
Geauga,OH,284,32
Haskell,OK,6,0
Carter,OK,44,1
Canadian,OK,133,3
Caddo,OK,160,10
Bryan,OK,26,1
Shelby,OH,43,3
Stark,OH,727,91
Summit,OH,1420,173
Trumbull,OH,573,48
Tuscarawas,OH,343,4
Union,OH,52,1
Van Wert,OH,6,0
Vinton,OH,21,2
Warren,OH,373,21
Scioto,OH,16,0
Washington,OH,118,19
Williams,OH,55,1
Wood,OH,294,46
Wyandot,OH,41,2
Adair,OK,87,3
Alfalfa,OK,1,0
Atoka,OK,3,0
Beaver,OK,24,0
Beckham,OK,9,0
Blaine,OK,6,0
Wayne,OH,274,50
Gallia,OH,8,1
Pierce,ND,3,0
Franklin,OH,5862,262
Benson,ND,1,0
Bottineau,ND,2,0
Bowman,ND,1,0
Burke,ND,5,0
Burleigh,ND,128,0
Cass,ND,1705,50
Divide,ND,1,0
Dunn,ND,12,0
Eddy,ND,4,0
Emmons,ND,4,1
Foster,ND,1,0
Grand Forks,ND,333,3
Grant,ND,2,0
Griggs,ND,1,0
McHenry,ND,2,1
McIntosh,ND,1,0
McKenzie,ND,17,0
McLean,ND,7,0
Mercer,ND,5,0
Barnes,ND,4,0
Morton,ND,59,2
Yancey,NC,14,0
Wilson,NC,356,10
Hughes,OK,1,0
Rowan,NC,658,37
Rutherford,NC,182,7
Sampson,NC,479,4
Scotland,NC,85,0
Stanly,NC,78,4
Stokes,NC,67,0
Surry,NC,214,2
Swain,NC,13,0
Transylvania,NC,13,0
Tyrrell,NC,4,0
Union,NC,442,20
Vance,NC,317,21
Wake,NC,1747,39
Warren,NC,63,2
Washington,NC,29,3
Watauga,NC,23,0
Wayne,NC,1138,20
Wilkes,NC,497,5
Yadkin,NC,171,2
Mountrail,ND,39,0
Nelson,ND,1,0
Oliver,ND,1,0
Auglaize,OH,73,3
Belmont,OH,429,12
Brown,OH,29,1
Butler,OH,893,29
Carroll,OH,31,3
Champaign,OH,28,1
Clark,OH,285,6
Clermont,OH,211,5
Clinton,OH,43,1
Columbiana,OH,793,53
Coshocton,OH,40,0
Crawford,OH,114,4
Cuyahoga,OH,4444,226
Darke,OH,170,21
Defiance,OH,34,2
Delaware,OH,337,13
Erie,OH,172,14
Fairfield,OH,267,6
Fayette,OH,40,0
Athens,OH,18,1
Ashtabula,OH,339,34
Ashland,OH,20,0
Allen,OH,212,32
Pembina,ND,6,0
Ramsey,ND,8,1
Ransom,ND,8,0
Renville,ND,3,0
Richland,ND,22,0
Rolette,ND,6,0
Sargent,ND,3,0
Sioux,ND,2,0
Slope,ND,3,0
Fulton,OH,41,0
Stark,ND,62,2
Stutsman,ND,23,0
Traill,ND,13,0
Unknown,ND,3,3
Walsh,ND,13,0
Ward,ND,37,1
Wells,ND,3,0
Williams,ND,25,0
Unknown,Northern Mariana Islands,22,2
Adams,OH,10,1
Steele,ND,1,0
Jackson,OK,27,3
Marlboro,SC,171,1
Johnston,OK,3,0
Mercer,PA,107,5
Mifflin,PA,59,1
Monroe,PA,1319,101
Montgomery,PA,7061,684
Montour,PA,52,0
Northampton,PA,3083,210
Northumberland,PA,192,3
Perry,PA,59,3
Philadelphia,PA,22629,1316
Pike,PA,476,19
Potter,PA,4,0
Schuylkill,PA,631,34
Snyder,PA,45,1
Somerset,PA,38,1
Sullivan,PA,3,0
Susquehanna,PA,109,15
Tioga,PA,17,2
Union,PA,59,1
Venango,PA,9,0
McKean,PA,12,1
Warren,PA,3,0
Lycoming,PA,164,17
Lehigh,PA,3765,228
Crawford,PA,29,0
Cumberland,PA,629,50
Dauphin,PA,1277,73
Delaware,PA,6510,558
Elk,PA,6,0
Erie,PA,279,4
Fayette,PA,95,4
Forest,PA,7,0
Franklin,PA,774,35
Fulton,PA,15,1
Greene,PA,27,0
Huntingdon,PA,230,2
Indiana,PA,91,5
Jefferson,PA,9,0
Juniata,PA,95,4
Lackawanna,PA,1547,170
Lancaster,PA,3161,297
Lawrence,PA,80,8
Lebanon,PA,969,33
Luzerne,PA,2736,149
Washington,PA,139,5
Wayne,PA,119,8
Westmoreland,PA,449,38
Darlington,SC,295,10
Dillon,SC,165,3
Dorchester,SC,166,3
Edgefield,SC,51,2
Fairfield,SC,179,15
Florence,SC,655,38
Georgetown,SC,76,3
Greenville,SC,1619,57
Greenwood,SC,142,1
Hampton,SC,37,1
Horry,SC,432,25
Jasper,SC,42,2
Kershaw,SC,332,14
Lancaster,SC,135,5
Laurens,SC,67,4
Lee,SC,218,16
Lexington,SC,645,33
Marion,SC,69,5
Rockingham,NC,94,2
Colleton,SC,105,12
Clarendon,SC,301,39
Chesterfield,SC,196,4
Chester,SC,80,1
Wyoming,PA,34,7
York,PA,1007,26
Unknown,Puerto Rico,3776,136
Bristol,RI,224,11
Kent,RI,1052,68
Newport,RI,244,4
Providence,RI,11052,518
Unknown,RI,1857,66
Washington,RI,499,51
Columbia,PA,348,31
Abbeville,SC,42,0
Allendale,SC,35,3
Anderson,SC,239,9
Bamberg,SC,22,0
Barnwell,SC,46,1
Beaufort,SC,385,14
Berkeley,SC,233,16
Calhoun,SC,15,1
Charleston,SC,617,12
Cherokee,SC,39,2
Aiken,SC,197,7
Clinton,PA,56,3
Clearfield,PA,39,0
Clarion,PA,27,2
Payne,OK,45,1
Pittsburg,OK,41,3
Pontotoc,OK,13,2
Pottawatomie,OK,60,4
Pushmataha,OK,3,0
Rogers,OK,81,5
Seminole,OK,26,2
Sequoyah,OK,15,3
Stephens,OK,38,1
Texas,OK,925,5
Tillman,OK,23,1
Tulsa,OK,1014,54
Wagoner,OK,150,17
Washington,OK,317,35
Washita,OK,2,0
Woods,OK,3,0
Woodward,OK,5,0
Baker,OR,1,0
Benton,OR,55,5
Pawnee,OK,31,2
Ottawa,OK,35,2
Osage,OK,95,8
Okmulgee,OK,26,0
Kay,OK,53,7
Kingfisher,OK,11,0
Kiowa,OK,6,0
Latimer,OK,5,1
Le Flore,OK,14,1
Lincoln,OK,22,2
Logan,OK,19,1
Love,OK,16,0
Major,OK,6,1
Clackamas,OR,312,11
Marshall,OK,8,0
McClain,OK,105,3
McCurtain,OK,41,1
McIntosh,OK,11,1
Murray,OK,4,0
Muskogee,OK,48,6
Noble,OK,7,0
Nowata,OK,23,0
Okfuskee,OK,5,0
Oklahoma,OK,1281,61
Mayes,OK,30,4
Jefferson,OK,4,0
Clatsop,OR,45,0
Coos,OR,31,0
Wallowa,OR,2,0
Wasco,OR,24,1
Washington,OR,739,17
Yamhill,OR,70,7
Adams,PA,251,8
Allegheny,PA,1911,163
Armstrong,PA,62,4
Beaver,PA,590,73
Bedford,PA,39,2
Berks,PA,4061,317
Blair,PA,50,1
Bradford,PA,46,3
Bucks,PA,5082,503
Butler,PA,230,12
Cambria,PA,57,2
Cameron,PA,2,0
Carbon,PA,235,24
Centre,PA,153,7
Chester,PA,2769,281
Union,OR,6,0
Umatilla,OR,116,3
Tillamook,OR,6,0
Sherman,OR,1,0
Crook,OR,6,0
Curry,OR,7,0
Deschutes,OR,125,0
Douglas,OR,27,0
Grant,OR,1,0
Harney,OR,1,0
Hood River,OR,18,0
Jackson,OR,66,0
Jefferson,OR,33,0
Columbia,OR,16,0
Josephine,OR,23,1
Lake,OR,2,0
Lane,OR,73,3
Lincoln,OR,12,0
Linn,OR,115,9
Malheur,OR,32,0
Marion,OR,960,25
Morrow,OR,11,0
Multnomah,OR,1165,59
Polk,OR,98,12
Klamath,OR,44,0
Robeson,NC,824,22
Lewis,MO,7,1
Randolph,NC,664,13
Hamilton,NE,60,13
Hitchcock,NE,1,0
Holt,NE,1,0
Howard,NE,42,4
Jefferson,NE,6,0
Johnson,NE,6,0
Kearney,NE,11,0
Keith,NE,2,0
Kimball,NE,10,0
Knox,NE,9,0
Lancaster,NE,1212,9
Lincoln,NE,48,2
Madison,NE,316,4
Merrick,NE,33,0
Morrill,NE,11,0
Nance,NE,4,0
Nemaha,NE,3,0
Nuckolls,NE,1,0
Otoe,NE,7,0
Hall,NE,1507,42
Phelps,NE,20,0
Greeley,NE,2,0
Gage,NE,45,4
Cass,NE,50,0
Cedar,NE,8,0
Chase,NE,1,0
Cherry,NE,1,0
Cheyenne,NE,9,0
Clay,NE,24,0
Colfax,NE,617,4
Cuming,NE,31,0
Custer,NE,36,4
Dakota,NE,1669,25
Dawes,NE,1,0
Dawson,NE,838,7
Dixon,NE,27,0
Dodge,NE,465,1
Douglas,NE,4314,37
Fillmore,NE,6,0
Franklin,NE,6,0
Frontier,NE,1,0
Furnas,NE,9,0
Gosper,NE,13,0
Pierce,NE,6,0
Platte,NE,577,1
Polk,NE,11,0
Lander,NV,22,0
Lincoln,NV,2,0
Lyon,NV,62,1
Mineral,NV,4,0
Nye,NV,63,2
Pershing,NV,2,0
Storey,NV,1,0
Washoe,NV,1577,60
White Pine,NV,3,0
Belknap,NH,60,0
Carroll,NH,47,0
Cheshire,NH,57,2
Coos,NH,5,0
Grafton,NH,76,1
Hillsborough,NH,2464,139
Merrimack,NH,342,14
Rockingham,NH,1306,75
Strafford,NH,269,13
Sullivan,NH,19,1
Humboldt,NV,78,4
Elko,NV,24,1
Douglas,NV,31,0
Clark,NV,6657,348
Red Willow,NE,5,0
Richardson,NE,1,0
Saline,NE,497,2
Sarpy,NE,620,4
Saunders,NE,36,1
Scotts Bluff,NE,102,0
Seward,NE,28,1
Sherman,NE,4,0
Stanton,NE,20,0
Butler,NE,48,0
Thayer,NE,1,0
Thurston,NE,46,0
Unknown,NE,73,0
Valley,NE,4,0
Washington,NE,30,1
Wayne,NE,15,0
Webster,NE,5,0
York,NE,36,0
Carson City,NV,95,4
Churchill,NV,7,1
Thomas,NE,1,0
Burt,NE,9,0
Buffalo,NE,157,1
Box Butte,NE,2,0
Phelps,MO,4,0
Pike,MO,22,1
Platte,MO,70,2
Polk,MO,2,0
Pulaski,MO,36,1
Ralls,MO,5,0
Randolph,MO,10,0
Ray,MO,19,0
Reynolds,MO,2,0
Ripley,MO,7,0
Saline,MO,267,2
Schuyler,MO,1,0
Scotland,MO,5,0
Scott,MO,110,9
Shannon,MO,2,0
Shelby,MO,1,0
St. Charles,MO,780,59
St. Clair,MO,2,0
St. Francois,MO,35,2
Pettis,MO,77,1
Perry,MO,57,0
Pemiscot,MO,83,4
Osage,MO,5,0
McCormick,SC,9,1
Lincoln,MO,82,1
Linn,MO,9,1
Livingston,MO,3,0
Macon,MO,4,0
Madison,MO,3,0
Maries,MO,2,0
Marion,MO,5,0
McDonald,MO,20,0
St. Louis,MO,4802,443
Mercer,MO,1,0
Mississippi,MO,58,0
Moniteau,MO,47,1
Monroe,MO,2,0
Montgomery,MO,9,0
Morgan,MO,9,0
New Madrid,MO,21,1
Newton,MO,20,1
Nodaway,MO,13,0
Oregon,MO,2,0
Miller,MO,4,0
Unknown,NH,6,0
St. Louis city,MO,1955,130
Stoddard,MO,81,5
Liberty,MT,1,0
Lincoln,MT,7,1
Madison,MT,8,1
Meagher,MT,1,0
Missoula,MT,40,1
Musselshell,MT,1,0
Park,MT,8,0
Pondera,MT,2,0
Ravalli,MT,14,0
Richland,MT,3,0
Roosevelt,MT,7,0
Silver Bow,MT,11,0
Stillwater,MT,1,0
Toole,MT,29,6
Wheatland,MT,1,0
Yellowstone,MT,99,3
Adams,NE,270,11
Antelope,NE,8,0
Boone,NE,6,0
Lewis and Clark,MT,16,0
Lake,MT,5,0
Jefferson,MT,3,0
Hill,MT,1,0
Stone,MO,4,0
Sullivan,MO,59,0
Taney,MO,13,2
Texas,MO,1,0
Vernon,MO,9,0
Warren,MO,27,0
Washington,MO,11,1
Webster,MO,17,0
Worth,MO,4,0
Ste. Genevieve,MO,12,1
Wright,MO,11,0
Big Horn,MT,29,0
Broadwater,MT,4,0
Carbon,MT,6,0
Cascade,MT,17,2
Deer Lodge,MT,3,0
Flathead,MT,37,2
Gallatin,MT,151,1
Glacier,MT,6,0
Golden Valley,MT,3,0
Beaverhead,MT,1,0
Richmond,NC,163,3
Atlantic,NJ,2214,159
Burlington,NJ,4627,291
Brunswick,NC,105,4
Buncombe,NC,335,23
Burke,NC,404,14
Cabarrus,NC,488,21
Caldwell,NC,138,3
Camden,NC,3,0
Carteret,NC,36,3
Caswell,NC,61,1
Catawba,NC,211,6
Chatham,NC,634,26
Cherokee,NC,20,1
Chowan,NC,17,0
Clay,NC,5,0
Cleveland,NC,90,2
Columbus,NC,335,26
Craven,NC,204,5
Cumberland,NC,691,17
Currituck,NC,13,0
Dare,NC,22,1
Bladen,NC,101,2
Davidson,NC,413,13
Bertie,NC,122,4
Avery,NC,2,0
Seneca,NY,58,0
St. Lawrence,NY,204,2
Steuben,NY,241,18
Suffolk,NY,39643,1949
Sullivan,NY,1387,29
Tioga,NY,130,17
Tompkins,NY,164,2
Ulster,NY,1685,47
Warren,NY,255,30
Washington,NY,235,11
Wayne,NY,115,1
Westchester,NY,33480,1499
Wyoming,NY,86,3
Yates,NY,39,6
Alamance,NC,349,21
Alexander,NC,33,0
Alleghany,NC,16,0
Anson,NC,65,1
Ashe,NC,37,0
Beaufort,NC,34,0
Davie,NC,98,2
Duplin,NC,831,14
Durham,NC,1619,47
Madison,NC,3,0
Martin,NC,72,4
McDowell,NC,73,1
Mecklenburg,NC,4250,89
Mitchell,NC,14,0
Montgomery,NC,128,4
Moore,NC,205,10
Nash,NC,204,4
New Hanover,NC,195,5
Northampton,NC,147,14
Onslow,NC,110,2
Orange,NC,348,40
Pamlico,NC,10,0
Pasquotank,NC,105,11
Pender,NC,80,1
Perquimans,NC,24,2
Person,NC,48,1
Pitt,NC,304,2
Polk,NC,37,4
Macon,NC,70,1
Lincoln,NC,69,0
Lenoir,NC,216,7
Lee,NC,455,4
Edgecombe,NC,200,9
Forsyth,NC,1347,11
Franklin,NC,159,21
Gaston,NC,281,7
Gates,NC,23,1
Graham,NC,2,0
Granville,NC,306,10
Greene,NC,78,2
Guilford,NC,1264,65
Schuyler,NY,11,0
Halifax,NC,180,1
Haywood,NC,46,0
Henderson,NC,344,45
Hertford,NC,120,2
Hoke,NC,240,1
Hyde,NC,1,0
Iredell,NC,259,5
Jackson,NC,32,1
Johnston,NC,456,21
Jones,NC,26,3
Harnett,NC,288,27
Schoharie,NY,50,0
Schenectady,NY,689,30
Saratoga,NY,480,4
Curry,NM,52,0
Do√±a Ana,NM,477,3
Eddy,NM,22,1
Grant,NM,15,0
Guadalupe,NM,20,0
Harding,NM,1,0
Hidalgo,NM,1,0
Lea,NM,26,0
Lincoln,NM,2,0
Los Alamos,NM,6,0
Luna,NM,8,1
McKinley,NM,2415,110
Otero,NM,215,2
Quay,NM,5,1
Rio Arriba,NM,47,1
Roosevelt,NM,40,0
San Juan,NM,1733,121
San Miguel,NM,15,0
Sandoval,NM,568,27
Colfax,NM,5,0
Cibola,NM,145,5
Chaves,NM,47,2
Catron,NM,2,1
Camden,NJ,6510,338
Cape May,NJ,617,49
Cumberland,NJ,2298,73
Essex,NJ,17629,1664
Gloucester,NJ,2234,147
Hudson,NJ,18419,1183
Hunterdon,NJ,993,60
Mercer,NJ,6933,472
Middlesex,NJ,15921,994
Santa Fe,NM,142,3
Monmouth,NJ,8219,597
Ocean,NJ,8748,739
Passaic,NJ,16170,928
Salem,NJ,634,38
Somerset,NJ,4583,419
Sussex,NJ,1110,149
Union,NJ,15821,1073
Unknown,NJ,870,0
Warren,NJ,1160,131
Bernalillo,NM,1476,71
Morris,NJ,6463,615
Bergen,NJ,18272,1579
Sierra,NM,1,0
Taos,NM,24,0
Jefferson,NY,74,0
Lewis,NY,20,0
Livingston,NY,119,4
Madison,NY,316,4
Monroe,NY,2943,218
Montgomery,NY,91,5
Nassau,NY,40396,2615
New York City,NY,208085,21050
Niagara,NY,1037,51
Oneida,NY,1027,56
Onondaga,NY,2170,130
Ontario,NY,207,17
Orange,NY,10421,375
Orleans,NY,229,26
Oswego,NY,109,0
Otsego,NY,72,6
Putnam,NY,1252,60
Rensselaer,NY,491,32
Rockland,NY,13151,458
Herkimer,NY,108,1
Hamilton,NY,5,0
Greene,NY,238,5
Genesee,NY,202,5
Torrance,NM,50,1
Union,NM,4,0
Valencia,NM,75,2
Albany,NY,1860,142
Allegany,NY,45,0
Broome,NY,566,51
Cattaraugus,NY,88,3
Cayuga,NY,91,1
Chautauqua,NY,84,3
Socorro,NM,50,4
Chemung,NY,137,5
Clinton,NY,95,4
Columbia,NY,387,38
Cortland,NY,41,0
Delaware,NY,79,0
Dutchess,NY,3909,150
Erie,NY,6070,521
Essex,NY,45,0
Franklin,NY,22,0
Fulton,NY,208,13
Chenango,NY,133,2
Newberry,SC,63,1
Teton,WY,100,1
Orangeburg,SC,189,3
King George,VA,68,4
King William,VA,30,0
King and Queen,VA,13,1
Lancaster,VA,10,0
Lee,VA,9,0
Lexington city,VA,7,0
Loudoun,VA,2575,62
Louisa,VA,79,1
Lunenburg,VA,13,0
Lynchburg city,VA,80,1
Madison,VA,41,1
Manassas Park city,VA,305,6
Manassas city,VA,1092,10
Mathews,VA,5,0
Mecklenburg,VA,217,21
Middlesex,VA,15,0
Montgomery,VA,77,1
Nelson,VA,17,0
New Kent,VA,36,1
James City,VA,205,15
Newport News city,VA,273,10
Isle of Wight,VA,128,3
Highland,VA,3,0
Floyd,VA,6,0
Fluvanna,VA,92,6
Franklin,VA,36,1
Franklin city,VA,42,2
Frederick,VA,349,4
Fredericksburg city,VA,164,0
Galax city,VA,123,0
Giles,VA,5,0
Gloucester,VA,31,1
Goochland,VA,99,6
Grayson,VA,38,0
Greene,VA,34,1
Greensville,VA,73,7
Halifax,VA,30,0
Hampton city,VA,207,3
Hanover,VA,326,24
Harrisonburg city,VA,779,23
Henrico,VA,1820,133
Henry,VA,113,3
Hopewell city,VA,90,0
Norfolk city,VA,503,6
Northampton,VA,237,23
Northumberland,VA,25,1
Scott,VA,7,2
Shenandoah,VA,448,21
Smyth,VA,15,0
Southampton,VA,147,2
Spotsylvania,VA,556,7
Stafford,VA,713,4
Staunton city,VA,45,0
Suffolk city,VA,315,32
Surry,VA,10,1
Sussex,VA,154,2
Tazewell,VA,9,0
Unknown,VA,31,1
Virginia Beach city,VA,708,23
Warren,VA,157,2
Washington,VA,51,4
Waynesboro city,VA,46,0
Westmoreland,VA,65,1
Williamsburg city,VA,44,4
Winchester city,VA,189,2
Salem city,VA,34,3
Russell,VA,8,0
Rockingham,VA,518,6
Rockbridge,VA,18,0
Norton city,VA,2,0
Nottoway,VA,29,0
Orange,VA,102,1
Page,VA,220,21
Patrick,VA,19,0
Petersburg city,VA,134,3
Pittsylvania,VA,44,1
Poquoson city,VA,8,0
Portsmouth city,VA,308,11
Fauquier,VA,315,6
Powhatan,VA,35,0
Prince George,VA,126,0
Prince William,VA,5533,104
Pulaski,VA,19,0
Radford city,VA,6,0
Rappahannock,VA,13,0
Richmond,VA,276,4
Richmond city,VA,1316,24
Roanoke,VA,105,7
Roanoke city,VA,160,9
Prince Edward,VA,134,2
Falls Church city,VA,55,8
Fairfax city,VA,65,6
Fairfax,VA,11110,383
Kane,UT,3,0
Millard,UT,6,0
Morgan,UT,11,0
Piute,UT,2,0
Salt Lake,UT,5242,74
San Juan,UT,297,5
Sanpete,UT,12,0
Sevier,UT,8,0
Summit,UT,415,0
Tooele,UT,128,0
Uintah,UT,10,0
Unknown,UT,0,4
Utah,UT,1929,17
Wasatch,UT,282,2
Washington,UT,365,0
Weber,UT,288,7
Addison,VT,64,2
Bennington,VT,63,1
Caledonia,VT,15,0
Juab,UT,10,0
Iron,UT,69,0
Grand,UT,9,0
Garfield,UT,3,0
Wharton,TX,58,0
Wheeler,TX,15,0
Wichita,TX,84,2
Wilbarger,TX,7,0
Willacy,TX,16,1
Williamson,TX,621,24
Wilson,TX,38,5
Winkler,TX,3,0
Wise,TX,46,3
Chittenden,VT,451,39
Wood,TX,29,1
Young,TX,4,1
Zapata,TX,9,0
Zavala,TX,11,0
Box Elder,UT,29,1
Cache,UT,219,1
Carbon,UT,11,0
Davis,UT,465,2
Duchesne,UT,9,0
Emery,UT,7,0
Yoakum,TX,3,0
Wise,VA,25,2
Essex,VT,3,0
Grand Isle,VT,7,0
Buena Vista city,VA,13,0
Campbell,VA,18,1
Caroline,VA,67,2
Carroll,VA,96,1
Charles City,VA,27,1
Charlotte,VA,23,0
Charlottesville city,VA,116,3
Chesapeake city,VA,521,15
Chesterfield,VA,1548,35
Clarke,VA,27,0
Colonial Heights city,VA,95,17
Covington city,VA,4,0
Craig,VA,5,0
Culpeper,VA,691,6
Cumberland,VA,37,0
Danville city,VA,55,2
Dinwiddie,VA,80,0
Emporia city,VA,79,5
Essex,VA,48,0
Buckingham,VA,459,3
Buchanan,VA,18,0
Brunswick,VA,25,1
Bristol city,VA,4,0
Lamoille,VT,29,1
Orange,VT,9,0
Orleans,VT,10,0
Rutland,VT,55,1
Unknown,VT,5,0
Washington,VT,39,1
Windham,VT,81,3
Windsor,VT,51,2
Unknown,Virgin Islands,69,6
Franklin,VT,99,5
Accomack,VA,909,12
Alexandria city,VA,1974,44
Alleghany,VA,20,2
Amelia,VA,25,1
Amherst,VA,27,0
Appomattox,VA,31,0
Arlington,VA,2116,115
Augusta,VA,109,1
Bedford,VA,57,2
Botetourt,VA,32,4
Albemarle,VA,187,8
Webb,TX,546,19
Wythe,VA,23,1
Adams,WA,63,0
Jefferson,WI,106,3
Juneau,WI,23,1
Kenosha,WI,1168,30
Kewaunee,WI,35,1
La Crosse,WI,53,0
Lafayette,WI,27,0
Langlade,WI,3,0
Lincoln,WI,7,0
Manitowoc,WI,36,1
Marathon,WI,50,1
Marinette,WI,33,2
Marquette,WI,4,1
Menominee,WI,3,0
Milwaukee,WI,7750,299
Monroe,WI,17,1
Oconto,WI,37,0
Oneida,WI,9,0
Outagamie,WI,227,8
Ozaukee,WI,174,14
Jackson,WI,17,1
Pepin,WI,1,0
Iron,WI,2,1
Green Lake,WI,20,0
Brown,WI,2319,37
Buffalo,WI,6,1
Burnett,WI,1,1
Calumet,WI,76,1
Chippewa,WI,56,0
Clark,WI,32,4
Columbia,WI,44,1
Crawford,WI,26,0
Dane,WI,733,29
Dodge,WI,221,2
Door,WI,38,3
Douglas,WI,19,0
Dunn,WI,24,0
Eau Claire,WI,108,0
Florence,WI,2,0
Fond du Lac,WI,213,5
Forest,WI,29,2
Grant,WI,95,12
Green,WI,66,0
Iowa,WI,16,0
Pierce,WI,45,0
Polk,WI,19,1
Portage,WI,11,0
Campbell,WY,31,0
Carbon,WY,16,1
Converse,WY,24,0
Crook,WY,5,0
Fremont,WY,278,7
Goshen,WY,5,0
Hot Springs,WY,13,0
Johnson,WY,18,1
Laramie,WY,188,2
Lincoln,WY,15,0
Natrona,WY,77,1
Niobrara,WY,2,0
Park,WY,2,0
Platte,WY,1,0
Sheridan,WY,16,0
Sublette,WY,3,0
Sweetwater,WY,30,0
Lawrence,MO,7,0
Uinta,WY,12,0
Big Horn,WY,6,0
Albany,WY,25,0
Wood,WI,10,1
Winnebago,WI,244,7
Price,WI,2,0
Racine,WI,1722,37
Richland,WI,14,4
Rock,WI,636,19
Rusk,WI,5,0
Sauk,WI,78,3
Sawyer,WI,8,0
Shawano,WI,47,0
Sheboygan,WI,90,3
Bayfield,WI,3,1
St. Croix,WI,86,0
Trempealeau,WI,25,0
Vernon,WI,21,0
Vilas,WI,7,0
Walworth,WI,395,17
Washburn,WI,2,0
Washington,WI,252,7
Waukesha,WI,696,30
Waupaca,WI,41,1
Waushara,WI,8,0
Taylor,WI,2,0
Barron,WI,17,0
Ashland,WI,2,0
Adams,WI,4,1
Pierce,WA,1953,79
San Juan,WA,15,0
Skagit,WA,434,15
Skamania,WA,3,0
Snohomish,WA,3349,147
Spokane,WA,600,32
Stevens,WA,11,1
Thurston,WA,154,2
Wahkiakum,WA,4,0
Walla Walla,WA,109,2
Whatcom,WA,396,36
Whitman,WA,20,0
Yakima,WA,3615,95
Barbour,WV,9,1
Berkeley,WV,308,6
Boone,WV,9,0
Braxton,WV,2,0
Brooke,WV,5,0
Cabell,WV,66,0
Pend Oreille,WA,3,0
Pacific,WA,9,1
Okanogan,WA,49,2
Mason,WA,36,1
Asotin,WA,19,2
Benton,WA,962,65
Chelan,WA,256,7
Clallam,WA,25,0
Clark,WA,551,25
Columbia,WA,1,0
Cowlitz,WA,73,0
Douglas,WA,172,3
Ferry,WA,1,0
Calhoun,WV,2,0
Franklin,WA,704,20
Grays Harbor,WA,17,0
Island,WA,180,11
Jefferson,WA,30,0
King,WA,8161,569
Kitsap,WA,161,2
Kittitas,WA,88,0
Klickitat,WA,25,3
Lewis,WA,37,3
Lincoln,WA,2,0
Grant,WA,255,3
York,VA,74,3
Clay,WV,4,0
Gilmer,WV,10,0
Pendleton,WV,12,0
Pleasants,WV,4,0
Pocahontas,WV,21,0
Preston,WV,25,1
Putnam,WV,34,0
Raleigh,WV,16,0
Randolph,WV,131,0
Ritchie,WV,1,0
Roane,WV,9,0
Summers,WV,1,0
Taylor,WV,8,0
Tucker,WV,4,0
Tyler,WV,3,0
Upshur,WV,7,0
Wayne,WV,99,9
Wetzel,WV,8,0
Wirt,WV,4,0
Wood,WV,53,2
Wyoming,WV,3,0
Ohio,WV,42,1
Nicholas,WV,8,1
Morgan,WV,18,0
Monroe,WV,7,0
Grant,WV,12,0
Greenbrier,WV,9,0
Hampshire,WV,29,1
Hancock,WV,18,0
Hardy,WV,39,0
Harrison,WV,41,1
Jackson,WV,137,18
Jefferson,WV,182,1
Kanawha,WV,229,18
Fayette,WV,48,4
Lewis,WV,9,1
Logan,WV,17,1
Marion,WV,51,2
Marshall,WV,30,0
Mason,WV,15,0
McDowell,WV,6,0
Mercer,WV,13,0
Mineral,WV,46,1
Mingo,WV,7,1
Monongalia,WV,133,5
Lincoln,WV,6,0
Oconee,SC,50,0
Washington,TX,202,25
Waller,TX,57,0
Marshall,TN,31,1
Maury,TN,89,0
McMinn,TN,141,14
McNairy,TN,12,0
Meigs,TN,26,0
Monroe,TN,62,2
Montgomery,TN,269,3
Moore,TN,3,0
Morgan,TN,17,0
Obion,TN,30,1
Overton,TN,26,0
Perry,TN,21,0
Pickett,TN,3,0
Polk,TN,16,0
Putnam,TN,479,5
Rhea,TN,210,0
Roane,TN,16,0
Robertson,TN,465,3
Rutherford,TN,1196,23
Marion,TN,40,1
Scott,TN,12,0
Madison,TN,175,2
Loudon,TN,143,0
Hancock,TN,1,0
Hardeman,TN,196,0
Hardin,TN,15,2
Hawkins,TN,33,2
Haywood,TN,31,2
Henderson,TN,15,0
Henry,TN,30,0
Hickman,TN,58,0
Houston,TN,8,0
Humphreys,TN,13,1
Jackson,TN,17,0
Jefferson,TN,28,0
Johnson,TN,16,0
Knox,TN,413,5
Lake,TN,414,0
Lauderdale,TN,56,1
Lawrence,TN,31,0
Lewis,TN,3,0
Lincoln,TN,25,0
Macon,TN,136,3
Sequatchie,TN,15,0
Sevier,TN,81,2
Shelby,TN,5003,111
Austin,TX,26,0
Bailey,TX,17,0
Bandera,TX,6,0
Bastrop,TX,211,3
Bee,TX,9,0
Bell,TX,362,4
Bexar,TX,2842,74
Blanco,TX,11,1
Bosque,TX,7,0
Bowie,TX,265,12
Brazoria,TX,917,12
Brazos,TX,483,19
Brewster,TX,1,0
Briscoe,TX,1,0
Brooks,TX,1,0
Brown,TX,58,9
Burleson,TX,24,0
Burnet,TX,37,0
Caldwell,TX,65,0
Atascosa,TX,37,2
Armstrong,TX,3,0
Archer,TX,1,0
Aransas,TX,5,0
Smith,TN,34,1
Stewart,TN,11,0
Sullivan,TN,60,2
Sumner,TN,881,45
Tipton,TN,442,3
Trousdale,TN,1392,4
Unicoi,TN,4,0
Union,TN,4,0
Unknown,TN,144,0
Hamilton,TN,1083,15
Van Buren,TN,4,0
Washington,TN,75,0
Wayne,TN,64,0
Weakley,TN,26,0
White,TN,33,0
Williamson,TN,552,10
Wilson,TN,407,8
Anderson,TX,72,0
Andrews,TX,27,0
Angelina,TX,205,4
Warren,TN,23,0
Hamblen,TN,36,2
Grundy,TN,31,1
Greene,TN,50,2
Fall River,SD,4,0
Faulk,SD,1,0
Grant,SD,13,0
Gregory,SD,1,0
Hamlin,SD,4,0
Hand,SD,2,0
Hughes,SD,19,0
Hutchinson,SD,5,0
Hyde,SD,1,0
Jackson,SD,4,0
Jerauld,SD,35,1
Kingsbury,SD,1,0
Lake,SD,8,0
Lawrence,SD,11,0
Lincoln,SD,238,0
Lyman,SD,14,0
Marshall,SD,4,0
McCook,SD,6,1
McPherson,SD,1,0
Edmunds,SD,1,0
Douglas,SD,3,0
Deuel,SD,1,0
Day,SD,13,0
Pickens,SC,158,3
Richland,SC,1518,66
Saluda,SC,145,1
Spartanburg,SC,617,20
Sumter,SC,384,18
Union,SC,37,0
Williamsburg,SC,236,14
York,SC,407,8
Aurora,SD,26,0
Meade,SD,19,0
Beadle,SD,261,5
Brookings,SD,16,0
Brown,SD,273,1
Buffalo,SD,17,0
Charles Mix,SD,17,0
Clark,SD,4,0
Clay,SD,15,0
Codington,SD,37,0
Corson,SD,4,0
Davison,SD,16,1
Bon Homme,SD,8,0
Calhoun,TX,37,3
Miner,SD,1,0
Moody,SD,19,0
Cheatham,TN,123,0
Chester,TN,12,0
Claiborne,TN,9,0
Clay,TN,7,0
Cocke,TN,20,0
Coffee,TN,73,0
Crockett,TN,16,2
Cumberland,TN,112,1
Davidson,TN,5285,62
DeKalb,TN,37,0
Decatur,TN,5,0
Dickson,TN,109,0
Dyer,TN,50,0
Fayette,TN,115,2
Fentress,TN,12,0
Franklin,TN,53,1
Gibson,TN,63,1
Giles,TN,12,0
Grainger,TN,8,0
Carter,TN,19,1
Carroll,TN,27,1
Cannon,TN,21,0
Campbell,TN,18,1
Oglala Lakota,SD,26,0
Pennington,SD,227,3
Roberts,SD,36,0
Sanborn,SD,13,0
Spink,SD,5,0
Stanley,SD,10,0
Sully,SD,1,0
Todd,SD,27,1
Tripp,SD,6,0
Minnehaha,SD,3349,49
Turner,SD,24,0
Walworth,SD,5,0
Yankton,SD,51,0
Ziebach,SD,1,0
Anderson,TN,40,1
Bedford,TN,283,4
Benton,TN,7,1
Bledsoe,TN,607,1
Blount,TN,91,3
Bradley,TN,122,1
Union,SD,89,0
Ward,TX,1,0
Callahan,TX,9,1
Camp,TX,83,0
McCulloch,TX,3,0
McLennan,TX,118,4
Medina,TX,73,2
Midland,TX,129,12
Milam,TX,28,1
Mills,TX,1,0
Mitchell,TX,1,0
Montague,TX,9,1
Montgomery,TX,954,26
Moore,TX,686,13
Morris,TX,26,0
Motley,TX,1,0
Nacogdoches,TX,287,21
Navarro,TX,56,2
Newton,TX,5,0
Nolan,TX,4,0
Nueces,TX,275,3
Ochiltree,TX,49,2
Oldham,TX,3,1
Maverick,TX,116,1
Orange,TX,98,2
Matagorda,TX,70,5
Martin,TX,3,1
Kinney,TX,1,0
Kleberg,TX,16,1
Knox,TX,1,0
La Salle,TX,4,0
Lamar,TX,145,11
Lamb,TX,16,0
Lampasas,TX,9,0
Lavaca,TX,12,1
Lee,TX,24,1
Leon,TX,10,0
Liberty,TX,95,3
Limestone,TX,24,1
Lipscomb,TX,2,0
Live Oak,TX,9,0
Llano,TX,3,0
Lubbock,TX,692,50
Lynn,TX,7,1
Madison,TX,8,0
Marion,TX,16,1
Mason,TX,32,0
Palo Pinto,TX,13,2
Panola,TX,179,23
Parker,TX,76,1
Sherman,TX,24,0
Smith,TX,204,4
Starr,TX,33,0
Stephens,TX,4,0
Swisher,TX,17,0
Tarrant,TX,5513,165
Taylor,TX,328,5
Terry,TX,13,0
Titus,TX,495,3
Tom Green,TX,69,1
Travis,TX,3272,93
Trinity,TX,15,0
Tyler,TX,12,0
Upshur,TX,26,0
Uvalde,TX,12,0
Val Verde,TX,18,0
Van Zandt,TX,31,1
Victoria,TX,160,7
Walker,TX,1455,27
Shelby,TX,201,6
Shackelford,TX,1,0
Scurry,TX,24,0
San Saba,TX,1,0
Parmer,TX,59,0
Pecos,TX,93,0
Polk,TX,56,0
Potter,TX,2321,30
Presidio,TX,1,0
Rains,TX,3,0
Randall,TX,674,6
Reagan,TX,2,0
Red River,TX,70,8
Kimble,TX,1,0
Reeves,TX,7,0
Roberts,TX,2,0
Robertson,TX,8,0
Rockwall,TX,167,13
Runnels,TX,3,0
Rusk,TX,55,2
Sabine,TX,14,0
San Augustine,TX,38,2
San Jacinto,TX,14,0
San Patricio,TX,33,0
Refugio,TX,3,0
Kerr,TX,19,0
Kendall,TX,29,0
Kaufman,TX,223,2
DeWitt,TX,17,1
Deaf Smith,TX,164,13
Delta,TX,1,0
Denton,TX,1373,31
Dickens,TX,1,0
Dimmit,TX,1,0
Donley,TX,26,0
Duval,TX,5,0
Eastland,TX,6,0
Ector,TX,160,5
El Paso,TX,2764,78
Ellis,TX,317,14
Erath,TX,17,1
Falls,TX,7,0
Fannin,TX,41,2
Fayette,TX,34,2
Fisher,TX,2,1
Floyd,TX,11,0
Fort Bend,TX,1861,44
Dawson,TX,42,1
Dallas,TX,10234,229
Dallam,TX,25,0
Crosby,TX,4,1
Carson,TX,6,0
Cass,TX,29,0
Castro,TX,33,1
Chambers,TX,68,0
Cherokee,TX,44,2
Childress,TX,2,0
Clay,TX,3,0
Cochran,TX,1,0
Coke,TX,1,0
Franklin,TX,15,0
Coleman,TX,3,0
Collingsworth,TX,5,0
Colorado,TX,22,0
Comal,TX,94,7
Comanche,TX,12,1
Concho,TX,1,0
Cooke,TX,14,0
Coryell,TX,281,2
Cottle,TX,4,1
Crane,TX,23,2
Collin,TX,1312,34
Cameron,TX,764,36
Freestone,TX,10,0
Gaines,TX,7,0
Hidalgo,TX,575,10
Hill,TX,24,1
Hockley,TX,27,1
Hood,TX,27,3
Hopkins,TX,26,0
Houston,TX,114,0
Howard,TX,8,1
Hudspeth,TX,2,0
Hunt,TX,88,4
Hutchinson,TX,36,0
Jack,TX,4,0
Jackson,TX,18,1
Jasper,TX,34,2
Jefferson,TX,544,27
Jim Hogg,TX,4,0
Jim Wells,TX,9,0
Johnson,TX,195,4
Jones,TX,401,0
Karnes,TX,4,0
Henderson,TX,57,2
Hemphill,TX,1,0
Hays,TX,335,4
Haskell,TX,3,0
Galveston,TX,817,37
Garza,TX,5,0
Gillespie,TX,5,0
Glasscock,TX,1,0
Goliad,TX,7,0
Gonzales,TX,129,2
Gray,TX,98,2
Grayson,TX,333,2
Gregg,TX,249,6
Frio,TX,37,0
Grimes,TX,215,1
Hale,TX,58,4
Hall,TX,2,0
Hamilton,TX,8,1
Hansford,TX,19,2
Hardeman,TX,1,0
Hardin,TX,138,5
Harris,TX,12276,232
Harrison,TX,245,25
Hartley,TX,11,2
Guadalupe,TX,133,0
Lafayette,MO,74,2
Shelby,IN,541,30
Kansas City,MO,1182,26
Polk,GA,118,1
Pulaski,GA,42,2
Putnam,GA,90,9
Quitman,GA,12,1
Rabun,GA,20,1
Randolph,GA,179,19
Richmond,GA,595,22
Rockdale,GA,285,8
Schley,GA,16,1
Screven,GA,51,3
Seminole,GA,44,2
Spalding,GA,275,22
Stephens,GA,139,2
Stewart,GA,52,1
Sumter,GA,475,44
Talbot,GA,38,1
Taliaferro,GA,1,0
Tattnall,GA,27,0
Taylor,GA,22,2
Pike,GA,54,2
Telfair,GA,37,1
Pierce,GA,100,3
Peach,GA,72,4
Lowndes,GA,302,4
Lumpkin,GA,99,1
Macon,GA,101,6
Madison,GA,54,1
Marion,GA,57,2
McDuffie,GA,67,5
McIntosh,GA,16,1
Meriwether,GA,85,2
Miller,GA,41,0
Mitchell,GA,409,32
Monroe,GA,120,11
Montgomery,GA,9,0
Morgan,GA,37,0
Murray,GA,91,1
Muscogee,GA,615,17
Newton,GA,352,11
Oconee,GA,116,6
Oglethorpe,GA,61,7
Paulding,GA,328,11
Pickens,GA,48,3
Terrell,GA,213,26
Thomas,GA,324,32
Tift,GA,256,17
Hawaii,HI,81,0
Honolulu,HI,421,11
Kauai,HI,20,0
Maui,HI,120,6
Ada,ID,812,22
Adams,ID,3,0
Bannock,ID,31,0
Benewah,ID,8,0
Bingham,ID,7,0
Blaine,ID,512,5
Bonner,ID,6,0
Bonneville,ID,47,0
Camas,ID,1,0
Canyon,ID,303,6
Caribou,ID,1,0
Cassia,ID,63,1
Custer,ID,2,0
Elmore,ID,31,2
Franklin,ID,2,0
Unknown,Guam,1144,6
Worth,GA,211,21
Wilkinson,GA,69,6
Wilkes,GA,33,1
Toombs,GA,56,4
Towns,GA,24,1
Treutlen,GA,10,0
Troup,GA,313,11
Turner,GA,118,13
Twiggs,GA,17,1
Union,GA,46,1
Unknown,GA,1698,1
Upson,GA,281,34
Long,GA,16,1
Walker,GA,141,0
Ware,GA,228,14
Warren,GA,18,0
Washington,GA,74,1
Wayne,GA,19,0
Webster,GA,13,1
Wheeler,GA,13,0
White,GA,101,3
Whitfield,GA,374,7
Wilcox,GA,111,13
Walton,GA,265,12
Lincoln,GA,16,0
Liberty,GA,82,0
Lee,GA,361,22
Carroll,GA,525,24
Catoosa,GA,133,0
Charlton,GA,32,1
Chatham,GA,501,24
Chattahoochee,GA,54,0
Chattooga,GA,24,2
Cherokee,GA,909,33
Clarke,GA,283,13
Clay,GA,39,2
Clayton,GA,1221,49
Clinch,GA,59,2
Cobb,GA,3027,175
Coffee,GA,271,15
Colquitt,GA,467,15
Columbia,GA,248,7
Cook,GA,48,2
Coweta,GA,417,9
Crawford,GA,28,0
Crisp,GA,232,7
Candler,GA,13,0
Camden,GA,62,1
Calhoun,GA,132,6
Butts,GA,228,24
Wakulla,FL,34,1
Walton,FL,117,9
Washington,FL,57,4
Appling,GA,159,13
Atkinson,GA,48,2
Bacon,GA,122,3
Baker,GA,34,2
Baldwin,GA,345,26
Banks,GA,88,1
Dade,GA,28,1
Barrow,GA,326,14
Ben Hill,GA,74,1
Berrien,GA,46,0
Bibb,GA,453,28
Bleckley,GA,45,0
Brantley,GA,56,2
Brooks,GA,68,8
Bryan,GA,74,5
Bulloch,GA,60,2
Burke,GA,121,5
Bartow,GA,478,39
Fremont,ID,4,0
Dawson,GA,109,1
Decatur,GA,186,5
Hall,GA,2467,47
Hancock,GA,195,24
Haralson,GA,43,3
Harris,GA,91,5
Hart,GA,30,0
Heard,GA,34,2
Henry,GA,690,23
Houston,GA,366,17
Irwin,GA,28,1
Jackson,GA,184,5
Jasper,GA,36,1
Jeff Davis,GA,37,1
Jefferson,GA,43,1
Jenkins,GA,19,1
Johnson,GA,82,2
Jones,GA,37,0
Lamar,GA,67,2
Lanier,GA,21,2
Laurens,GA,106,1
Habersham,GA,520,23
Gwinnett,GA,3780,128
Greene,GA,68,7
Grady,GA,110,4
Dodge,GA,51,2
Dooly,GA,179,12
Dougherty,GA,1770,148
Douglas,GA,543,25
Early,GA,238,31
Echols,GA,117,0
Effingham,GA,74,1
Elbert,GA,75,0
Emanuel,GA,27,2
DeKalb,GA,3734,120
Evans,GA,5,0
Fayette,GA,235,13
Floyd,GA,265,15
Forsyth,GA,512,12
Franklin,GA,46,1
Fulton,GA,4524,235
Gilmer,GA,153,0
Glascock,GA,1,0
Glynn,GA,115,1
Gordon,GA,163,16
Fannin,GA,44,1
Volusia,FL,736,38
Gem,ID,17,0
Idaho,ID,3,0
Adams,IN,15,1
Allen,IN,1626,77
Bartholomew,IN,516,38
Benton,IN,30,0
Blackford,IN,26,2
Boone,IN,332,38
Brown,IN,33,1
Carroll,IN,93,2
Cass,IN,1589,8
Clark,IN,511,48
Clay,IN,51,1
Clinton,IN,233,2
Crawford,IN,25,1
Daviess,IN,90,18
DeKalb,IN,38,2
Dearborn,IN,169,22
Decatur,IN,237,34
Delaware,IN,386,38
Dubois,IN,199,3
Woodford,IL,21,2
Elkhart,IN,1328,30
Winnebago,IL,2251,59
Will,IL,5566,276
Randolph,IL,270,4
Richland,IL,3,0
Rock Island,IL,698,27
Saline,IL,7,0
Sangamon,IL,354,31
Schuyler,IL,13,0
Shelby,IL,16,1
St. Clair,IL,1230,96
Stark,IL,3,0
Stephenson,IL,206,2
Tazewell,IL,74,5
Union,IL,154,11
Vermilion,IL,40,1
Wabash,IL,2,0
Warren,IL,117,0
Washington,IL,18,0
Wayne,IL,9,1
White,IL,2,0
Whiteside,IL,143,13
Williamson,IL,67,2
Fayette,IN,114,7
Floyd,IN,320,41
Fountain,IN,21,2
Madison,IN,595,68
Marion,IN,9958,617
Marshall,IN,108,2
Martin,IN,11,0
Miami,IN,142,1
Monroe,IN,166,12
Montgomery,IN,243,18
Morgan,IN,286,26
Newton,IN,79,11
Noble,IN,234,22
Ohio,IN,13,0
Orange,IN,130,24
Owen,IN,35,1
Parke,IN,22,0
Perry,IN,44,1
Pike,IN,6,0
Porter,IN,548,30
Posey,IN,16,0
Pulaski,IN,46,0
Lawrence,IN,164,25
Lake,IN,3650,204
LaPorte,IN,434,23
LaGrange,IN,82,2
Franklin,IN,116,9
Fulton,IN,49,1
Gibson,IN,17,2
Grant,IN,269,24
Greene,IN,173,27
Hamilton,IN,1173,99
Hancock,IN,342,28
Harrison,IN,196,24
Hendricks,IN,1190,85
Putnam,IL,1,0
Henry,IN,186,11
Huntington,IN,28,2
Jackson,IN,393,2
Jasper,IN,68,1
Jay,IN,54,0
Jefferson,IN,46,1
Jennings,IN,132,6
Johnson,IN,1133,115
Knox,IN,29,0
Kosciusko,IN,137,2
Howard,IN,412,30
Pulaski,IL,56,0
Pope,IL,1,0
Pike,IL,1,0
Cass,IL,73,0
Champaign,IL,640,7
Christian,IL,35,5
Clark,IL,11,0
Clay,IL,2,0
Clinton,IL,186,17
Coles,IL,127,15
Cook,IL,77925,3642
Crawford,IL,11,0
Cumberland,IL,10,0
De Witt,IL,4,0
DeKalb,IL,428,4
Douglas,IL,28,0
DuPage,IL,7717,373
Edgar,IL,1,0
Edwards,IL,2,0
Effingham,IL,7,1
Fayette,IL,21,3
Ford,IL,20,1
Carroll,IL,15,2
Calhoun,IL,1,0
Bureau,IL,15,1
Brown,IL,10,0
Jefferson,ID,7,0
Jerome,ID,172,2
Kootenai,ID,68,0
Latah,ID,7,0
Lemhi,ID,1,0
Lincoln,ID,33,0
Madison,ID,22,0
Minidoka,ID,50,0
Nez Perce,ID,82,19
Franklin,IL,12,0
Owyhee,ID,8,0
Power,ID,6,0
Teton,ID,11,0
Twin Falls,ID,424,23
Valley,ID,2,0
Washington,ID,38,0
Adams,IL,44,1
Alexander,IL,8,0
Bond,IL,12,1
Boone,IL,452,17
Payette,ID,23,2
Gooding,ID,48,0
Fulton,IL,11,0
Greene,IL,5,0
Macoupin,IL,45,2
Madison,IL,582,60
Marion,IL,50,0
Marshall,IL,5,0
Mason,IL,18,0
Massac,IL,7,0
McDonough,IL,88,11
McHenry,IL,1566,73
McLean,IL,220,13
Menard,IL,20,0
Mercer,IL,17,0
Monroe,IL,95,12
Montgomery,IL,39,0
Morgan,IL,36,1
Moultrie,IL,11,0
Ogle,IL,211,3
Peoria,IL,234,9
Perry,IL,41,0
Piatt,IL,11,0
Macon,IL,193,19
Logan,IL,10,0
Livingston,IL,34,2
Lee,IL,81,1
Grundy,IL,98,2
Hamilton,IL,2,0
Hancock,IL,17,0
Hardin,IL,1,0
Henderson,IL,8,0
Henry,IL,69,0
Iroquois,IL,132,4
Jackson,IL,286,10
Jasper,IL,45,7
Gallatin,IL,2,0
Jefferson,IL,101,16
Jo Daviess,IL,32,0
Johnson,IL,8,0
Kane,IL,6408,178
Kankakee,IL,1157,55
Kendall,IL,798,22
Knox,IL,100,0
LaSalle,IL,153,13
Lake,IL,8373,291
Lawrence,IL,4,0
Jersey,IL,24,1
Putnam,IN,142,7
Unknown,FL,84,0
Taylor,FL,22,0
Craighead,AR,220,0
Crawford,AR,29,0
Crittenden,AR,380,9
Cross,AR,52,0
Dallas,AR,1,0
Desha,AR,19,0
Drew,AR,20,1
Faulkner,AR,102,3
Franklin,AR,4,0
Fulton,AR,7,0
Garland,AR,136,1
Grant,AR,18,0
Greene,AR,64,0
Hempstead,AR,18,1
Hot Spring,AR,32,0
Howard,AR,21,0
Independence,AR,31,0
Izard,AR,16,0
Jackson,AR,3,0
Conway,AR,14,1
Jefferson,AR,521,25
Columbia,AR,23,2
Cleburne,AR,73,4
La Paz,AZ,78,2
Maricopa,AZ,9815,432
Mohave,AZ,396,44
Navajo,AZ,1866,60
Pima,AZ,2368,185
Pinal,AZ,863,39
Santa Cruz,AZ,330,0
Yavapai,AZ,297,6
Yuma,AZ,1105,15
Arkansas,AR,6,0
Ashley,AR,19,0
Baxter,AR,12,0
Benton,AR,578,2
Boone,AR,6,0
Bradley,AR,22,1
Carroll,AR,24,1
Chicot,AR,15,0
Clark,AR,39,0
Clay,AR,4,0
Cleveland,AR,19,0
Johnson,AR,43,0
Lafayette,AR,9,1
Lawrence,AR,84,5
Scott,AR,1,0
Searcy,AR,7,0
Sebastian,AR,40,0
Sevier,AR,210,2
Sharp,AR,46,2
St. Francis,AR,672,1
Stone,AR,9,0
Union,AR,173,8
Unknown,AR,188,0
Van Buren,AR,28,2
Washington,AR,509,7
White,AR,44,1
Woodruff,AR,1,0
Yell,AR,141,1
Alameda,CA,3411,103
Alpine,CA,2,0
Amador,CA,10,0
Butte,CA,44,0
Calaveras,CA,15,0
Saline,AR,112,1
Randolph,AR,26,0
Pulaski,AR,888,34
Prairie,AR,2,0
Lee,AR,20,1
Lincoln,AR,982,9
Little River,AR,6,0
Logan,AR,6,0
Lonoke,AR,48,0
Madison,AR,23,0
Marion,AR,2,0
Miller,AR,44,1
Mississippi,AR,75,2
Greenlee,AZ,6,0
Monroe,AR,5,0
Nevada,AR,6,0
Newton,AR,3,0
Ouachita,AR,10,0
Perry,AR,14,0
Phillips,AR,21,1
Pike,AR,5,0
Poinsett,AR,33,2
Polk,AR,19,0
Pope,AR,148,1
Montgomery,AR,2,0
Graham,AZ,32,2
Gila,AZ,31,2
Coconino,AZ,1151,81
Dallas,AL,272,3
DeKalb,AL,248,3
Elmore,AL,354,8
Escambia,AL,63,3
Etowah,AL,257,11
Fayette,AL,16,0
Franklin,AL,556,7
Geneva,AL,43,0
Greene,AL,94,4
Hale,AL,173,9
Henry,AL,80,2
Houston,AL,220,4
Jackson,AL,78,2
Jefferson,AL,1837,102
Lamar,AL,26,0
Lauderdale,AL,164,2
Lawrence,AL,50,0
Lee,AL,548,33
Limestone,AL,106,0
Dale,AL,115,0
Cullman,AL,143,0
Crenshaw,AL,75,3
Covington,AL,80,1
Washakie,WY,35,3
Autauga,AL,221,4
Baldwin,AL,290,9
Barbour,AL,167,1
Bibb,AL,75,1
Blount,AL,62,1
Bullock,AL,209,5
Butler,AL,411,18
Calhoun,AL,160,3
Lowndes,AL,246,12
Chambers,AL,355,25
Chilton,AL,101,1
Choctaw,AL,153,8
Clarke,AL,144,2
Clay,AL,27,2
Cleburne,AL,15,1
Coffee,AL,236,1
Colbert,AL,184,2
Conecuh,AL,41,1
Coosa,AL,40,1
Cherokee,AL,37,3
Colusa,CA,5,0
Macon,AL,82,4
Marengo,AL,170,6
Dillingham Census Area,AK,1,0
Fairbanks North Star Borough,AK,85,2
Juneau City and Borough,AK,33,0
Kenai Peninsula Borough,AK,48,1
Ketchikan Gateway Borough,AK,16,0
Kodiak Island Borough,AK,1,0
Matanuska-Susitna Borough,AK,29,1
Nome Census Area,AK,3,0
North Slope Borough,AK,1,0
Northwest Arctic Borough,AK,2,0
Petersburg Borough,AK,3,0
Prince of Wales-Hyder Census Area,AK,2,0
Sitka City and Borough,AK,2,0
Southeast Fairbanks Census Area,AK,3,0
Unknown,AK,1,0
Valdez-Cordova Census Area,AK,2,0
Yukon-Koyukuk Census Area,AK,1,0
Apache,AZ,1524,35
Cochise,AZ,74,3
Bristol Bay Borough,AK,1,0
Bethel Census Area,AK,3,0
Anchorage,AK,232,4
Winston,AL,90,0
Marion,AL,122,11
Marshall,AL,693,9
Mobile,AL,2239,116
Monroe,AL,40,2
Montgomery,AL,1710,40
Morgan,AL,280,1
Perry,AL,39,0
Pickens,AL,116,4
Pike,AL,203,0
Madison,AL,339,4
Randolph,AL,127,7
Shelby,AL,517,20
St. Clair,AL,123,1
Sumter,AL,224,7
Talladega,AL,113,5
Tallapoosa,AL,427,65
Tuscaloosa,AL,783,15
Walker,AL,354,2
Washington,AL,70,6
Wilcox,AL,148,7
Russell,AL,171,0
Union,FL,32,1
Contra Costa,CA,1450,37
El Dorado,CA,90,0
Kent,DE,1436,63
New Castle,DE,3758,170
Sussex,DE,4253,133
Unknown,DE,51,0
District of Columbia,District of Columbia,8801,466
Alachua,FL,380,7
Baker,FL,29,3
Bay,FL,98,3
Bradford,FL,51,2
Brevard,FL,422,12
Broward,FL,7123,313
Calhoun,FL,63,4
Charlotte,FL,458,63
Citrus,FL,121,12
Clay,FL,382,28
Collier,FL,1539,49
Columbia,FL,144,2
DeSoto,FL,182,7
Dixie,FL,51,2
Windham,CT,384,14
Duval,FL,1644,50
Unknown,CT,234,0
New London,CT,1078,89
Pitkin,CO,58,2
Prowers,CO,14,0
Pueblo,CO,295,17
Rio Blanco,CO,1,0
Rio Grande,CO,33,0
Routt,CO,62,6
Saguache,CO,81,1
San Juan,CO,1,0
San Miguel,CO,23,0
Summit,CO,226,2
Teller,CO,32,2
Washington,CO,41,0
Weld,CO,2488,131
Yuma,CO,35,0
Fairfield,CT,15549,1277
Hartford,CT,10296,1250
Litchfield,CT,1397,133
Middlesex,CT,1104,152
New Haven,CT,11323,972
Tolland,CT,836,57
Escambia,FL,815,33
Flagler,FL,189,4
Franklin,FL,2,0
Miami-Dade,FL,17999,700
Monroe,FL,108,4
Nassau,FL,76,1
Okaloosa,FL,222,6
Okeechobee,FL,83,0
Orange,FL,2001,40
Osceola,FL,701,19
Palm Beach,FL,5994,337
Pasco,FL,386,13
Pinellas,FL,1297,82
Polk,FL,1027,55
Putnam,FL,152,6
Santa Rosa,FL,245,9
Sarasota,FL,635,77
Seminole,FL,490,12
St. Johns,FL,260,6
St. Lucie,FL,471,30
Sumter,FL,253,17
Suwannee,FL,167,18
Martin,FL,651,9
Marion,FL,248,7
Manatee,FL,1045,97
Madison,FL,69,4
Gadsden,FL,272,2
Gilchrist,FL,12,0
Glades,FL,30,1
Gulf,FL,1,0
Hamilton,FL,233,0
Hardee,FL,99,0
Hendry,FL,415,14
Hernando,FL,115,5
Highlands,FL,129,9
Phillips,CO,13,0
Hillsborough,FL,2201,81
Indian River,FL,130,10
Jackson,FL,251,1
Jefferson,FL,29,3
Lafayette,FL,8,0
Lake,FL,301,15
Lee,FL,1907,105
Leon,FL,403,7
Levy,FL,32,1
Liberty,FL,213,0
Holmes,FL,19,0
Park,CO,23,0
Ouray,CO,8,1
Otero,CO,19,1
San Benito,CA,87,2
San Bernardino,CA,5246,204
San Diego,CA,7544,312
San Francisco,CA,2561,42
San Joaquin,CA,888,35
San Luis Obispo,CA,270,1
San Mateo,CA,2129,84
Santa Barbara,CA,1660,12
Santa Clara,CA,2776,142
Santa Cruz,CA,212,3
Shasta,CA,39,4
Sierra,CA,1,0
Siskiyou,CA,7,0
Solano,CA,522,22
Sonoma,CA,564,4
Stanislaus,CA,744,29
Sutter,CA,46,2
Tehama,CA,4,1
Trinity,CA,2,0
Sacramento,CA,1414,57
Riverside,CA,7492,339
Plumas,CA,4,0
Placer,CA,215,9
Fresno,CA,1744,35
Glenn,CA,16,0
Humboldt,CA,101,3
Imperial,CA,2091,26
Inyo,CA,20,1
Kern,CA,2260,38
Kings,CA,1122,5
Lake,CA,23,0
Lassen,CA,5,0
Tulare,CA,1879,84
Los Angeles,CA,54996,2362
Marin,CA,483,14
Mariposa,CA,16,1
Mendocino,CA,30,0
Merced,CA,285,7
Mono,CA,38,1
Monterey,CA,530,10
Napa,CA,114,3
Nevada,CA,41,1
Orange,CA,6354,147
Madera,CA,106,2
Del Norte,CA,45,0
Tuolumne,CA,4,0
Yolo,CA,211,24
Gilpin,CO,3,0
Grand,CO,14,0
Gunnison,CO,177,6
Hinsdale,CO,3,0
Huerfano,CO,3,0
Jefferson,CO,2221,171
Kit Carson,CO,26,3
La Plata,CO,81,1
Lake,CO,31,0
Larimer,CO,583,27
Las Animas,CO,5,0
Lincoln,CO,3,0
Logan,CO,614,3
Mesa,CO,54,0
Mineral,CO,2,0
Moffat,CO,7,0
Montezuma,CO,45,3
Montrose,CO,172,12
Morgan,CO,629,43
Garfield,CO,139,2
Fremont,CO,26,0
Elbert,CO,53,2
El Paso,CO,1732,88
Yuba,CA,30,1
Adams,CO,3258,120
Alamosa,CO,76,2
Arapahoe,CO,4394,305
Archuleta,CO,8,0
Baca,CO,12,0
Bent,CO,2,0
Boulder,CO,980,65
Broomfield,CO,240,26
Ventura,CA,1116,33
Chaffee,CO,72,20
Clear Creek,CO,16,1
Conejos,CO,2,0
Costilla,CO,6,0
Crowley,CO,64,1
Custer,CO,2,0
Delta,CO,69,1
Denver,CO,5775,327
Douglas,CO,720,45
Eagle,CO,587,8
Cheyenne,CO,5,0
Laclede,MO,4,0
Randolph,IN,70,3
Rush,IN,62,2
Lenawee,MI,153,4
Livingston,MI,395,26
Luce,MI,3,0
Mackinac,MI,8,0
Macomb,MI,6695,810
Manistee,MI,11,0
Marquette,MI,56,11
Mason,MI,32,0
Mecosta,MI,21,2
Menominee,MI,8,0
Midland,MI,82,8
Missaukee,MI,16,1
Monroe,MI,474,19
Montcalm,MI,66,1
Montmorency,MI,5,0
Muskegon,MI,643,36
Newaygo,MI,105,0
Oakland,MI,8396,988
Oceana,MI,85,2
Leelanau,MI,11,0
Ogemaw,MI,21,1
Lapeer,MI,190,30
Kent,MI,3715,85
Delta,MI,17,2
Dickinson,MI,5,2
Eaton,MI,190,6
Emmet,MI,21,2
Genesee,MI,2013,252
Gladwin,MI,18,1
Gogebic,MI,5,1
Grand Traverse,MI,27,5
Gratiot,MI,74,10
Hillsdale,MI,169,24
Houghton,MI,6,0
Huron,MI,48,1
Ingham,MI,738,26
Ionia,MI,148,4
Iosco,MI,94,9
Isabella,MI,77,7
Jackson,MI,448,28
Kalamazoo,MI,844,55
Kalkaska,MI,19,2
Lake,MI,6,0
Osceola,MI,11,0
Oscoda,MI,5,1
Otsego,MI,102,10
Carver,MN,210,2
Cass,MN,14,2
Chippewa,MN,51,1
Chisago,MN,61,1
Clay,MN,423,28
Clearwater,MN,3,0
Cottonwood,MN,75,0
Crow Wing,MN,71,2
Dakota,MN,1327,55
Dodge,MN,52,0
Douglas,MN,42,0
Faribault,MN,18,0
Fillmore,MN,17,1
Freeborn,MN,117,0
Goodhue,MN,66,3
Grant,MN,4,0
Hennepin,MN,8393,613
Houston,MN,2,0
Hubbard,MN,2,0
Carlton,MN,73,0
Brown,MN,16,2
Blue Earth,MN,140,0
Big Stone,MN,5,0
Ottawa,MI,774,34
Presque Isle,MI,11,0
Roscommon,MI,21,0
Saginaw,MI,1038,108
Sanilac,MI,41,5
Schoolcraft,MI,4,0
Shiawassee,MI,240,26
St. Clair,MI,449,41
St. Joseph,MI,119,2
Crawford,MI,58,5
Tuscola,MI,187,23
Van Buren,MI,144,6
Washtenaw,MI,1336,99
Wayne,MI,20415,2461
Wexford,MI,11,3
Aitkin,MN,8,0
Anoka,MN,1399,70
Becker,MN,40,0
Beltrami,MN,15,0
Benton,MN,177,3
Unknown,MI,4083,73
Clinton,MI,139,11
Clare,MI,19,2
Chippewa,MI,2,0
Knox,ME,20,0
Lincoln,ME,20,0
Oxford,ME,34,0
Penobscot,ME,100,1
Piscataquis,ME,1,0
Sagadahoc,ME,30,0
Somerset,ME,22,0
Unknown,ME,2,0
Waldo,ME,51,14
Washington,ME,2,0
York,ME,385,10
Allegany,MD,178,17
Anne Arundel,MD,3794,174
Baltimore,MD,6080,344
Baltimore city,MD,5672,258
Calvert,MD,342,18
Caroline,MD,259,1
Carroll,MD,914,90
Cecil,MD,371,23
Kennebec,ME,128,9
Hancock,ME,11,1
Franklin,ME,36,1
Cumberland,ME,1175,50
St. John the Baptist,LA,860,79
St. Landry,LA,257,54
St. Martin,LA,298,23
St. Mary,LA,319,30
St. Tammany,LA,1749,158
Tangipahoa,LA,858,35
Tensas,LA,11,0
Terrebonne,LA,679,52
Union,LA,317,17
Charles,MD,1109,72
Unknown,LA,189,105
Vernon,LA,26,3
Washington,LA,425,38
Webster,LA,147,7
West Baton Rouge,LA,166,30
West Carroll,LA,62,0
West Feliciana,LA,209,13
Winn,LA,164,2
Androscoggin,ME,298,2
Aroostook,ME,10,1
Vermilion,LA,53,3
Isanti,MN,35,0
Dorchester,MD,142,3
Garrett,MD,10,0
Plymouth,MA,7859,552
Suffolk,MA,17936,871
Unknown,MA,297,7
Worcester,MA,11018,767
Alcona,MI,15,1
Allegan,MI,218,6
Alpena,MI,94,9
Antrim,MI,12,0
Arenac,MI,34,1
Baraga,MI,1,0
Barry,MI,63,2
Bay,MI,310,23
Benzie,MI,4,0
Berrien,MI,626,49
Branch,MI,121,2
Calhoun,MI,371,22
Cass,MI,83,3
Charlevoix,MI,15,1
Cheboygan,MI,21,1
Norfolk,MA,8079,821
Nantucket,MA,13,0
Middlesex,MA,21287,1615
Hampshire,MA,855,89
Harford,MD,885,51
Howard,MD,1932,58
Kent,MD,173,19
Montgomery,MD,11401,612
Prince George's,MD,15808,541
Queen Anne's,MD,160,13
Somerset,MD,73,2
St. Mary's,MD,499,22
Talbot,MD,99,2
Frederick,MD,1918,105
Unknown,MD,0,50
Wicomico,MD,953,30
Worcester,MD,215,13
Barnstable,MA,1312,116
Berkshire,MA,544,40
Bristol,MA,7159,415
Dukes,MA,27,1
Essex,MA,14225,925
Franklin,MA,319,47
Hampden,MA,6035,580
Washington,MD,469,14
St. James,LA,294,25
Itasca,MN,54,10
Kanabec,MN,11,1
Smith,MS,152,11
Stone,MS,30,0
Sunflower,MS,84,3
Tallahatchie,MS,27,1
Tate,MS,94,1
Tippah,MS,73,11
Tishomingo,MS,32,0
Tunica,MS,55,3
Union,MS,82,5
Walthall,MS,56,0
Warren,MS,173,10
Washington,MS,178,7
Wayne,MS,204,1
Webster,MS,69,2
Wilkinson,MS,85,9
Winston,MS,117,1
Yalobusha,MS,93,5
Yazoo,MS,281,4
Adair,MO,55,0
Simpson,MS,98,0
Andrew,MO,30,0
Sharkey,MS,7,0
Rankin,MS,439,8
Leflore,MS,264,31
Lincoln,MS,263,29
Lowndes,MS,211,9
Madison,MS,724,23
Marion,MS,114,9
Marshall,MS,81,3
Monroe,MS,257,25
Montgomery,MS,85,1
Neshoba,MS,646,39
Newton,MS,270,4
Noxubee,MS,186,6
Oktibbeha,MS,239,12
Panola,MS,71,3
Pearl River,MS,209,31
Perry,MS,50,3
Pike,MS,203,11
Pontotoc,MS,35,3
Prentiss,MS,53,3
Quitman,MS,33,0
Scott,MS,644,12
Atchison,MO,3,0
Audrain,MO,82,0
Barry,MO,9,0
DeKalb,MO,6,0
Dent,MO,1,0
Douglas,MO,1,0
Dunklin,MO,38,2
Franklin,MO,139,16
Gasconade,MO,2,0
Gentry,MO,31,1
Greene,MO,151,8
Grundy,MO,3,0
Harrison,MO,9,0
Henry,MO,12,3
Holt,MO,2,0
Howard,MO,3,0
Howell,MO,7,0
Iron,MO,2,0
Jackson,MO,596,19
Jasper,MO,32,0
Jefferson,MO,349,17
Johnson,MO,76,0
Daviess,MO,4,0
Dallas,MO,3,0
Crawford,MO,8,0
Cooper,MO,9,0
Bates,MO,7,1
Benton,MO,11,0
Bollinger,MO,6,0
Boone,MO,152,1
Buchanan,MO,692,2
Butler,MO,33,0
Caldwell,MO,5,0
Callaway,MO,29,1
Camden,MO,37,1
Lee,MS,153,6
Cape Girardeau,MO,73,2
Carter,MO,5,1
Cass,MO,90,8
Cedar,MO,9,0
Chariton,MO,6,0
Christian,MO,23,0
Clark,MO,1,0
Clay,MO,173,3
Clinton,MO,18,0
Cole,MO,60,1
Carroll,MO,8,0
Leake,MS,427,12
Lawrence,MS,102,1
Lauderdale,MS,738,62
Pipestone,MN,12,0
Polk,MN,61,2
Pope,MN,9,0
Ramsey,MN,3019,124
Red Lake,MN,4,0
Redwood,MN,5,0
Renville,MN,5,0
Rice,MN,462,2
Rock,MN,22,0
Roseau,MN,2,0
Scott,MN,426,2
Sherburne,MN,243,2
Sibley,MN,16,0
St. Louis,MN,118,14
Stearns,MN,2021,13
Steele,MN,158,0
Stevens,MN,1,0
Swift,MN,18,0
Todd,MN,316,0
Pine,MN,89,0
Pennington,MN,19,0
Otter Tail,MN,68,0
Olmsted,MN,626,10
Kandiyohi,MN,496,1
Kittson,MN,1,0
Koochiching,MN,8,0
Lac qui Parle,MN,3,0
Lake,MN,1,0
Le Sueur,MN,44,1
Lincoln,MN,5,0
Lyon,MN,56,0
Mahnomen,MN,6,1
Traverse,MN,3,0
Marshall,MN,12,0
McLeod,MN,37,0
Meeker,MN,45,0
Mille Lacs,MN,19,1
Morrison,MN,46,0
Mower,MN,318,2
Murray,MN,39,0
Nicollet,MN,87,10
Nobles,MN,1539,5
Norman,MN,13,0
Martin,MN,130,5
Jackson,MN,39,0
Unknown,MN,99,10
Wadena,MN,10,0
Forrest,MS,564,38
Franklin,MS,29,2
George,MS,25,1
Greene,MS,13,1
Grenada,MS,94,3
Hancock,MS,91,11
Harrison,MS,258,7
Hinds,MS,1006,25
Holmes,MS,429,28
Humphreys,MS,59,7
Itawamba,MS,86,7
Jackson,MS,308,13
Jasper,MS,163,4
Jefferson,MS,42,1
Jefferson Davis,MS,77,3
Jones,MS,629,28
Kemper,MS,144,11
Lafayette,MS,136,4
Lamar,MS,238,5
DeSoto,MS,542,7
Covington,MS,164,2
Copiah,MS,312,4
Coahoma,MS,125,4
Waseca,MN,26,0
Washington,MN,636,32
Watonwan,MN,74,0
Wilkin,MN,11,3
Winona,MN,79,15
Wright,MN,313,1
Yellow Medicine,MN,6,0
Adams,MS,199,15
Alcorn,MS,17,1
Wabasha,MN,18,0
Amite,MS,64,1
Benton,MS,14,0
Bolivar,MS,162,11
Calhoun,MS,65,4
Carroll,MS,117,11
Chickasaw,MS,135,12
Choctaw,MS,43,2
Claiborne,MS,110,2
Clarke,MS,144,18
Clay,MS,112,4
Attala,MS,298,17
Ripley,IN,109,6
St. Helena,LA,51,1
St. Bernard,LA,536,22
Winneshiek,IA,24,0
Woodbury,IA,2754,34
Worth,IA,3,0
Wright,IA,169,0
Anderson,KS,1,0
Atchison,KS,20,0
Barber,KS,1,0
Barton,KS,45,1
Bourbon,KS,8,1
Brown,KS,6,0
Butler,KS,35,0
Chase,KS,4,0
Chautauqua,KS,4,0
Cherokee,KS,10,0
Cheyenne,KS,2,0
Clark,KS,33,0
Clay,KS,5,1
Cloud,KS,5,0
Coffey,KS,50,8
Winnebago,IA,11,0
Comanche,KS,2,0
Webster,IA,41,1
Washington,IA,189,8
Palo Alto,IA,6,0
Plymouth,IA,133,2
Pocahontas,IA,12,0
Polk,IA,4239,126
Pottawattamie,IA,264,8
Poweshiek,IA,90,8
Ringgold,IA,4,0
Sac,IA,19,0
Scott,IA,361,10
Shelby,IA,37,0
Sioux,IA,282,0
Story,IA,116,1
Tama,IA,403,27
Taylor,IA,56,0
Union,IA,8,0
Unknown,IA,1,0
Van Buren,IA,9,0
Wapello,IA,595,10
Warren,IA,133,0
Wayne,IA,1,0
Cowley,KS,5,1
Crawford,KS,6,1
Dickinson,KS,3,0
Labette,KS,22,0
Lane,KS,3,0
Leavenworth,KS,1082,7
Linn,KS,10,0
Lyon,KS,408,3
Marion,KS,7,1
McPherson,KS,27,0
Meade,KS,29,0
Miami,KS,7,0
Mitchell,KS,4,0
Montgomery,KS,20,2
Morris,KS,5,0
Morton,KS,5,0
Nemaha,KS,15,0
Neosho,KS,2,0
Ness,KS,1,0
Norton,KS,2,0
Osage,KS,7,0
Osborne,KS,2,0
Kiowa,KS,2,0
Kearny,KS,45,1
Johnson,KS,839,63
Jewell,KS,4,0
Doniphan,KS,13,0
Douglas,KS,66,0
Edwards,KS,5,0
Ellis,KS,10,0
Ellsworth,KS,2,0
Finney,KS,1481,8
Ford,KS,1738,2
Franklin,KS,35,0
Geary,KS,17,0
Page,IA,13,0
Gove,KS,1,0
Gray,KS,22,0
Greenwood,KS,8,0
Hamilton,KS,18,0
Harper,KS,2,0
Harvey,KS,15,2
Haskell,KS,21,0
Hodgeman,KS,4,0
Jackson,KS,100,1
Jefferson,KS,22,0
Grant,KS,18,0
Osceola,IA,33,0
O'Brien,IA,31,0
Muscatine,IA,557,41
Appanoose,IA,15,3
Audubon,IA,12,1
Benton,IA,43,1
Black Hawk,IA,1747,44
Boone,IA,62,0
Bremer,IA,70,6
Buchanan,IA,33,0
Buena Vista,IA,793,0
Butler,IA,16,1
Calhoun,IA,2,0
Carroll,IA,11,0
Cass,IA,12,0
Cedar,IA,48,1
Cerro Gordo,IA,29,1
Cherokee,IA,31,0
Chickasaw,IA,10,0
Clarke,IA,55,0
Clay,IA,16,0
Clayton,IA,35,3
Allamakee,IA,121,4
Adams,IA,7,0
Adair,IA,9,0
Whitley,IN,42,3
Scott,IN,121,3
Spencer,IN,23,1
St. Joseph,IN,1283,39
Starke,IN,40,3
Steuben,IN,83,2
Sullivan,IN,36,1
Switzerland,IN,21,0
Tippecanoe,IN,404,3
Tipton,IN,26,2
Clinton,IA,64,1
Union,IN,22,0
Vermillion,IN,11,0
Vigo,IN,170,9
Wabash,IN,78,2
Warren,IN,13,1
Warrick,IN,167,29
Washington,IN,52,1
Wayne,IN,232,5
Wells,IN,32,0
White,IN,235,8
Vanderburgh,IN,277,2
Ottawa,KS,4,0
Crawford,IA,524,2
Davis,IA,22,0
Jefferson,IA,29,0
Johnson,IA,615,9
Jones,IA,36,0
Keokuk,IA,15,0
Kossuth,IA,10,0
Lee,IA,27,0
Linn,IA,955,79
Louisa,IA,344,11
Lucas,IA,17,0
Lyon,IA,24,0
Madison,IA,29,2
Mahaska,IA,94,10
Marion,IA,32,0
Marshall,IA,894,16
Mills,IA,19,0
Mitchell,IA,4,0
Monona,IA,25,0
Monroe,IA,38,5
Montgomery,IA,7,0
Jasper,IA,260,16
Jackson,IA,12,0
Iowa,IA,33,0
Ida,IA,14,0
Decatur,IA,1,0
Delaware,IA,15,0
Des Moines,IA,65,1
Dickinson,IA,21,0
Dubuque,IA,344,18
Emmet,IA,15,0
Fayette,IA,27,0
Floyd,IA,19,1
Franklin,IA,13,0
Dallas,IA,905,21
Fremont,IA,4,0
Grundy,IA,20,0
Guthrie,IA,51,3
Hamilton,IA,37,0
Hancock,IA,16,0
Hardin,IA,17,0
Harrison,IA,23,0
Henry,IA,71,1
Howard,IA,12,0
Humboldt,IA,18,0
Greene,IA,13,0
St. Charles,LA,638,44
Phillips,KS,2,0
Pratt,KS,2,0
Perry,KY,19,0
Pike,KY,29,2
Powell,KY,1,0
Pulaski,KY,58,2
Rockcastle,KY,13,0
Rowan,KY,7,0
Russell,KY,24,4
Scott,KY,35,0
Shelby,KY,164,4
Simpson,KY,52,3
Spencer,KY,22,0
Taylor,KY,11,1
Todd,KY,17,0
Trigg,KY,10,0
Trimble,KY,6,0
Union,KY,11,0
Warren,KY,1007,6
Washington,KY,6,0
Wayne,KY,8,0
Pendleton,KY,9,0
Webster,KY,34,0
Owsley,KY,2,0
Oldham,KY,83,5
Magoffin,KY,2,0
Marion,KY,21,0
Marshall,KY,38,2
Martin,KY,3,0
Mason,KY,9,0
McCracken,KY,95,2
McCreary,KY,13,0
McLean,KY,23,0
Meade,KY,22,2
Menifee,KY,10,0
Mercer,KY,13,0
Metcalfe,KY,7,1
Monroe,KY,17,0
Montgomery,KY,24,0
Morgan,KY,1,0
Muhlenberg,KY,497,7
Nelson,KY,41,1
Nicholas,KY,3,0
Ohio,KY,168,0
Owen,KY,2,0
Whitley,KY,13,0
Wolfe,KY,1,0
Woodford,KY,27,0
Jackson,LA,106,13
Jefferson,LA,7584,450
Jefferson Davis,LA,76,7
LaSalle,LA,51,0
Lafayette,LA,768,26
Lafourche,LA,821,71
Lincoln,LA,157,14
Livingston,LA,422,29
Madison,LA,97,0
Morehouse,LA,122,5
Natchitoches,LA,169,13
Orleans,LA,7127,507
Ouachita,LA,1248,41
Plaquemines,LA,211,17
Pointe Coupee,LA,197,24
Rapides,LA,790,26
Red River,LA,50,7
Richland,LA,135,3
Sabine,LA,46,0
Iberville,LA,567,41
Iberia,LA,408,38
Grant,LA,28,1
Franklin,LA,332,10
Acadia,LA,418,23
Allen,LA,184,10
Ascension,LA,820,56
Assumption,LA,252,14
Avoyelles,LA,128,9
Beauregard,LA,66,4
Bienville,LA,146,23
Bossier,LA,415,26
Caddo,LA,2562,188
Madison,KY,55,1
Calcasieu,LA,599,49
Cameron,LA,6,0
Catahoula,LA,113,3
Claiborne,LA,66,10
Concordia,LA,87,5
De Soto,LA,247,17
East Baton Rouge,LA,3618,239
East Carroll,LA,148,0
East Feliciana,LA,194,30
Evangeline,LA,78,1
Caldwell,LA,54,0
Lyon,KY,15,3
Logan,KY,145,4
Livingston,KY,9,0
Anderson,KY,18,1
Ballard,KY,12,0
Barren,KY,45,1
Bath,KY,9,1
Bell,KY,1,0
Boone,KY,462,17
Bourbon,KY,11,1
Boyd,KY,39,3
Boyle,KY,25,0
Bracken,KY,12,0
Breathitt,KY,3,0
Breckinridge,KY,17,2
Bullitt,KY,114,4
Butler,KY,228,13
Caldwell,KY,12,0
Calloway,KY,50,1
Campbell,KY,173,11
Carlisle,KY,5,1
Carroll,KY,12,0
Allen,KY,88,3
Adair,KY,97,19
Wyandotte,KS,1414,74
Woodson,KS,6,0
Reno,KS,51,0
Republic,KS,4,0
Rice,KS,4,0
Riley,KS,64,1
Rooks,KS,7,0
Saline,KS,29,2
Scott,KS,13,0
Sedgwick,KS,585,21
Seward,KS,883,2
Carter,KY,11,0
Shawnee,KS,300,7
Sherman,KS,7,0
Smith,KS,2,0
Stafford,KS,1,0
Stanton,KS,9,0
Stevens,KS,30,0
Sumner,KS,8,1
Trego,KS,1,0
Wabaunsee,KS,31,0
Wilson,KS,1,0
Sheridan,KS,2,0
Pottawatomie,KS,27,0
Casey,KY,3,0
Clark,KY,41,0
Henderson,KY,116,4
Henry,KY,22,0
Hickman,KY,5,0
Hopkins,KY,222,31
Jackson,KY,61,13
Jefferson,KY,2555,161
Jessamine,KY,62,0
Johnson,KY,5,0
Kenton,KY,585,33
Knott,KY,4,0
Knox,KY,8,0
Larue,KY,8,0
Laurel,KY,21,2
Lawrence,KY,2,0
Lee,KY,1,0
Leslie,KY,6,0
Letcher,KY,5,0
Lewis,KY,8,0
Lincoln,KY,8,1
Hart,KY,26,0
Harrison,KY,19,0
Harlan,KY,1,0
Hardin,KY,102,2
Clay,KY,7,0
Clinton,KY,3,0
Crittenden,KY,6,1
Cumberland,KY,5,0
Daviess,KY,317,6
Edmonson,KY,60,9
Elliott,KY,1,0
Fayette,KY,714,13
Fleming,KY,3,0
Christian,KY,119,3
Floyd,KY,18,0
Fulton,KY,7,0
Gallatin,KY,36,3
Garrard,KY,5,0
Grant,KY,44,4
Graves,KY,165,19
Grayson,KY,124,8
Green,KY,1,0
Greenup,KY,14,0
Hancock,KY,8,0
Franklin,KY,38,0
Weston,WY,1,0
